blogSlug,venueSlug,venueName,filename,blogOrder,blogCover
orange-tree-house-summer-wedding-ian-and-bernadette,orange-tree-house,Orange Tree House,mkb-weddings-orange-tree-house-wedding-photographer-84_500.webp,12,FALSE
orange-tree-house-summer-wedding-ian-and-bernadette,orange-tree-house,Orange Tree House,mkb-weddings-orange-tree-house-wedding-photographer-111_500.webp,13,FALSE
orange-tree-house-summer-wedding-ian-and-bernadette,orange-tree-house,Orange Tree House,mkb-weddings-orange-tree-house-wedding-photographer-116_500.webp,14,FALSE
orange-tree-house-summer-wedding-ian-and-bernadette,orange-tree-house,Orange Tree House,mkb-weddings-orange-tree-house-wedding-photographer-127_500.webp,15,FALSE
orange-tree-house-summer-wedding-ian-and-bernadette,orange-tree-house,Orange Tree House,mkb-weddings-orange-tree-house-wedding-photographer-149_500.webp,16,FALSE
orange-tree-house-summer-wedding-ian-and-bernadette,orange-tree-house,Orange Tree House,mkb-weddings-orange-tree-house-wedding-photographer-152_500.webp,17,FALSE
orange-tree-house-summer-wedding-ian-and-bernadette,orange-tree-house,Orange Tree House,mkb-weddings-orange-tree-house-wedding-photographer-36_500.webp,8,FALSE
orange-tree-house-summer-wedding-ian-and-bernadette,orange-tree-house,Orange Tree House,mkb-weddings-orange-tree-house-wedding-photographer-230_500.webp,18,FALSE
orange-tree-house-summer-wedding-ian-and-bernadette,orange-tree-house,Orange Tree House,mkb-weddings-orange-tree-house-wedding-photographer-231_500.webp,19,FALSE
orange-tree-house-summer-wedding-ian-and-bernadette,orange-tree-house,Orange Tree House,mkb-weddings-orange-tree-house-wedding-photographer-91_500.webp,20,FALSE
orange-tree-house-summer-wedding-ian-and-bernadette,orange-tree-house,Orange Tree House,mkb-weddings-orange-tree-house-wedding-photographer-53_500.webp,22,FALSE
orange-tree-house-summer-wedding-ian-and-bernadette,orange-tree-house,Orange Tree House,mkb-weddings-orange-tree-house-wedding-photographer-23_500.webp,23,FALSE
orange-tree-house-summer-wedding-ian-and-bernadette,orange-tree-house,Orange Tree House,mkb-weddings-orange-tree-house-wedding-photographer-61_500.webp,24,FALSE
orange-tree-house-summer-wedding-ian-and-bernadette,orange-tree-house,Orange Tree House,mkb-weddings-orange-tree-house-wedding-photographer-64_500.webp,26,FALSE
orange-tree-house-summer-wedding-ian-and-bernadette,orange-tree-house,Orange Tree House,mkb-weddings-orange-tree-house-wedding-photographer-17-1_500.webp,31,FALSE
orange-tree-house-summer-wedding-ian-and-bernadette,orange-tree-house,Orange Tree House,mkb-weddings-orange-tree-house-wedding-photographer-9_500.webp,32,FALSE
orange-tree-house-summer-wedding-ian-and-bernadette,orange-tree-house,Orange Tree House,mkb-weddings-orange-tree-house-wedding-photographer-11_500.webp,33,FALSE
orange-tree-house-summer-wedding-ian-and-bernadette,orange-tree-house,Orange Tree House,mkb-weddings-orange-tree-house-wedding-photographer-21_500.webp,5,FALSE
orange-tree-house-summer-wedding-ian-and-bernadette,orange-tree-house,Orange Tree House,mkb-weddings-orange-tree-house-wedding-photographer-22_500.webp,6,FALSE
orange-tree-house-summer-wedding-ian-and-bernadette,orange-tree-house,Orange Tree House,mkb-weddings-orange-tree-house-wedding-photographer-45_500.webp,9,FALSE
orange-tree-house-summer-wedding-ian-and-bernadette,orange-tree-house,Orange Tree House,mkb-weddings-orange-tree-house-wedding-photographer-54_500.webp,10,FALSE
orange-tree-house-summer-wedding-ian-and-bernadette,orange-tree-house,Orange Tree House,mkb-weddings-orange-tree-house-wedding-photographer-32_500.webp,7,FALSE
orange-tree-house-summer-wedding-ian-and-bernadette,orange-tree-house,Orange Tree House,mkb-weddings-orange-tree-house-wedding-photographer-76_500.webp,21,FALSE
orange-tree-house-summer-wedding-ian-and-bernadette,orange-tree-house,Orange Tree House,mkb-weddings-orange-tree-house-wedding-photographer-8_500.webp,2,FALSE
orange-tree-house-summer-wedding-ian-and-bernadette,orange-tree-house,Orange Tree House,mkb-weddings-orange-tree-house-wedding-photographer-15_500.webp,2,FALSE
orange-tree-house-summer-wedding-ian-and-bernadette,orange-tree-house,Orange Tree House,mkb-weddings-orange-tree-house-wedding-photographer-17_500.webp,3,FALSE
orange-tree-house-summer-wedding-ian-and-bernadette,orange-tree-house,Orange Tree House,mkb-weddings-orange-tree-house-wedding-photographer-19_500.webp,4,FALSE
orange-tree-house-summer-wedding-ian-and-bernadette,orange-tree-house,Orange Tree House,mkb-weddings-orange-tree-house-wedding-photographer-107_500.webp,27,FALSE
orange-tree-house-summer-wedding-ian-and-bernadette,orange-tree-house,Orange Tree House,mkb-weddings-orange-tree-house-wedding-photographer-128_500.webp,28,FALSE
orange-tree-house-summer-wedding-ian-and-bernadette,orange-tree-house,Orange Tree House,mkb-weddings-orange-tree-house-wedding-photographer-184-1_500.webp,29,FALSE
orange-tree-house-summer-wedding-ian-and-bernadette,orange-tree-house,Orange Tree House,mkb-weddings-orange-tree-house-wedding-photographer-175_500.webp,30,FALSE
orange-tree-house-summer-wedding-ian-and-bernadette,orange-tree-house,Orange Tree House,mkb-weddings-orange-tree-house-wedding-photographer-40_500.webp,1,TRUE
orange-tree-house-summer-wedding-ian-and-bernadette,orange-tree-house,Orange Tree House,mkb-weddings-orange-tree-house-wedding-photographer-34_500.webp,37,FALSE
orange-tree-house-summer-wedding-ian-and-bernadette,orange-tree-house,Orange Tree House,mkb-weddings-orange-tree-house-wedding-photographer-36-1_500.webp,38,FALSE
orange-tree-house-summer-wedding-ian-and-bernadette,orange-tree-house,Orange Tree House,mkb-weddings-orange-tree-house-wedding-photographer-177_500.webp,39,FALSE