county-slug,country,country-code,county-display,primary-keyword,secondary-keywords,seo-title,seo-description,intro,why-section,travel-section,faq-1-q,faq-1-a,faq-2-q,faq-2-a,heroImageUrl
co-down,Northern Ireland,GB,County Down,"""Wedding Photographer County Down""","""Newcastle wedding photographer|Bangor wedding photographer|Newry wedding photographer""","""Wedding Photographer County Down | Natural Documentary Style | MKB Weddings""","""Looking for a wedding photographer in County Down? Natural, documentary wedding photography across Newcastle, Bangor, Holywood and beyond.""","""County Down offers everything from coastal Mourne Mountain backdrops to elegant estate venues. I photograph weddings here in a relaxed, documentary style, capturing real emotion rather than stiff awkard posing!""","""Many couples choose County Down for its mix of coastline, countryside and refined venues. My approach adapts naturally to both outdoor ceremonies and grand hotel celebrations.""","""I regularly travel across Newcastle, Bangor, Holywood and surrounding areas. Travel is included for all County Down weddings.""","""Do you travel across County Down?""","""Yes, I regularly photograph weddings in Newcastle, Bangor, Holywood and throughout County Down.""","""Do you photograph outdoor weddings in the Mournes?""","""Absolutely. I specialise in natural light and documentary coverage, perfect for outdoor ceremonies.""",https://images.mkbweddings.co.uk/full/Slieve%20donard%20hotel/couple%20portraits/mkb-weddings-mkb-photography-northern-ireland-wedding-photography-slieve-donard-hotel-newcastle-wedding-photography-8_2000.webp
co-antrim,Northern Ireland,GB,County Antrim,"""Wedding Photographer County Antrim""","""Belfast  wedding photographer|Ballymena wedding photographer|Antrim wedding photographer""","""Wedding Photographer County Antrim| Natural Documentary Style | MKB Weddings""","""Looking for a wedding photographer in County Antrim? Natural, documentary wedding photography across Belfast, Ballymena, Antrim and beyond.""","""County Antrim offers everything from Inner City backdrops to luxury Spa resorts and hidden forrest gems. I photograph weddings here in a relaxed, documentary style, capturing real emotion rather than stiff awkard posing!""","""Many couples choose County Antrim for its mix of bustling City venues, grand Castle locations and luxury spa resorts. My approach adapts naturally to both outdoor ceremonies and grand hotel celebrations.""","""I regularly travel across Belfast, Ballymena, Antrim and surrounding areas. Travel is included for all County Antrim weddings.""","""Do you travel across County Antrim?""","""Yes, I regularly photograph weddings in Belfast, Ballymena, Antrim  and throughout County Antrim.""","""Do you offer engagement shoots prior to the wedding day?""","""Yes, pre wedding shoots are a great way to help you feel more confident in front of the camera!""",https://images.mkbweddings.co.uk/full/Wool%20tower/couple%20portraits/mkb-weddings-mkb-photography-northern-ireland-wedding-photography-wool-tower-broughshane-wedding-photography-414_2000.webp
co-louth,Ireland,ROI,County Louth,"""Wedding Photographer County Louth""","""Carlingford  wedding photographer|Dundalk wedding photographer|Castlebellingham wedding photographer""","""Wedding Photographer County Louth | Natural Documentary Style | MKB Weddings""","""Looking for a wedding photographer in County Louth? Natural, documentary wedding photography across Carlingford, Dundalk, Castlebellingham and beyond.""","""County Louth offers everything from stunning costal locations to luxury castle venues and boutique hotels. I photograph weddings here in a relaxed, documentary style, capturing real emotion rather than stiff awkard posing!""","""Many couples choose County Antrim for its mix of bustling City venues, grand Castle locations and luxury spa resorts. My approach adapts naturally to both outdoor ceremonies and grand hotel celebrations.""","""I regularly travel across Carlingford, Dundalk, Castlebellingham and surrounding areas. Travel is included for all County Louth weddings.""","""Do you travel across County Louth?""","""Yes, I regularly photograph weddings in Carlingford, Dundalk, Castlebellingham  and throughout County Louth.""","""Do you charge additional for travel to County Louth?""","""No, there is no additional travel cost for weddings in County Louth""",https://images.mkbweddings.co.uk/full/Bellingham%20Castle/couple%20portraits/mkb-weddings-irish-wedding-photographer-bellingham-castle-wedding-photography-2_2000.webp
co-cavan,Ireland,ROI,County Cavan,"""Wedding Photographer County Cavan""","""Cavan  wedding photographer|Ballyconnell wedding photographer|Farnham wedding photographer""","""Wedding Photographer County Cavan | Natural Documentary Style | MKB Weddings""","""Looking for a wedding photographer in County Cavan? Natural, documentary wedding photography across Cavan, Ballyconnell, Farnham and beyond.""","""County Cavan offers everything from stunning countryside retreats to luxurious spa hotels. I photograph weddings here in a relaxed, documentary style, capturing real emotion rather than stiff awkard posing!""","""Many couples choose County Cavan for its mix of tranquil countryiside settings, hidden forrest gems and luxury spa resorts. My approach adapts naturally to both outdoor ceremonies and grand hotel celebrations.""","""I regularly travel across Cavan, Ballyconnell, Farnham and surrounding areas. Travel is included for all County Cavan weddings.""","""Do you travel across County Cavan?""","""Yes, I regularly photograph weddings in Cavan, Ballyconnell, Farnham  and throughout County Cavan.""","""Do you charge additional for travel to County Cavan?""","""No, there is no additional travel cost for weddings in County Cavan""",https://images.mkbweddings.co.uk/full/Farnham/couple%20portraits/mkb-weddings-mkb-photography-irish-wedding-photographer-farnham-estate-wedding-photography-255_2000.webp
co-fermanagh,Northern Ireland,GB,County Fermanagh,"""Wedding Photographer County Fermanagh""","""Eniskillen  wedding photographer|Lough Erne wedding photographer""","""Wedding Photographer County Fermanagh | Natural Documentary Style | MKB Weddings""","""Looking for a wedding photographer in County Fermanagh? Natural, documentary wedding photography across Enniskillen, Lough Erne and beyond.""","""County Fermanagh offers everything from stunning lakeside retreats to private island resorts and luxurious hotels. I photograph weddings here in a relaxed, documentary style, capturing real emotion rather than stiff awkard posing!""","""Many couples choose County Fermanagh for its mix of private island resorts, lakeside retreats and luxury hotels. My approach adapts naturally to both outdoor ceremonies and hotel celebrations.""","""I regularly travel across Eniskillen, Lough Erne and surrounding areas. Travel is included for all County Fermanagh weddings.""","""Do you travel across County Fermanagh?""","""Yes, I regularly photograph weddings in Eniskillen, Lough Erne and throughout County Fermanagh.""","""Do you photograph outdoor weddings on island resorts in County Fermanagh?""","""Absolutely. I specialise in natural light and documentary coverage, perfect for outdoor ceremonies.""",https://images.mkbweddings.co.uk/full/Rossharbour%20resort/couple%20portraits/mkb-weddings-rossharbour-resort-wedding-photography-704_2000.webp
co-tyrone,Northern Ireland,GB,County Tyrone,"""Wedding Photographer County Tyrone""","""Clogher wedding photographer|Cookstown wedding photographer |Killyman wedding photographer""","""Wedding Photographer County Tyrone | Natural Documentary Style | MKB Weddings""","""Looking for a wedding photographer in County Tyrone? Natural, documentary wedding photography across Clogher, Cookstown and beyond.""","""County Tyrone offers everything from quiet countryside resorts, to stunning boutique hotels. I photograph weddings here in a relaxed, documentary style, capturing real emotion rather than stiff awkard posing!""","""Many couples choose County Tyrone for its peaceful countryside venues. My approach adapts naturally to both outdoor ceremonies and hotel celebrations.""","""I regularly travel across Clogher, Cookstown and surrounding areas. Travel is included for all County Tyrone weddings.""","""Do you travel across County Tyrone?""","""Yes, I regularly photograph weddings in Clogher, Cookstown and throughout County Tyrone.""",Do you offer engagement shoots prior to the wedding day?,"""Yes, pre wedding shoots are a great way to help you feel more confident in front of the camera!""",https://images.mkbweddings.co.uk/full/Corick%20house/couple%20portraits/MKB-weddings-mkb-photography-northern-ireland-wedding-photographer-corrick-house-wedding-photography13_2000.webp
co-donegal,Ireland,ROI,County Donegal,"""Wedding Photographer County Donegal""","""Moville wedding photographer|Dunfanghy wedding photographer |Inishowen wedding photographer""","""Wedding Photographer County Donegal | Natural Documentary Style | MKB Weddings""","""Looking for a wedding photographer in County Donegal? Natural, documentary wedding photography across Moville, Dunfanaghy, Inishowen and beyond.""","""County Donegal offers everything from stunning  costal resorts to remote countryside hotels. I photograph weddings here in a relaxed, documentary style, capturing real emotion rather than stiff awkard posing!""","""Many couples choose County Donegal for its stunning costal views and beachside hotels. My approach adapts naturally to both outdoor ceremonies and hotel celebrations.""","""I regularly travel across Moville, Dunfanaghy, Inishowen, Letterkenny and surrounding areas. Travel is included for all County Donegal  weddings.""","""Do you travel across County Donegal?""","""Yes, I regularly photograph weddings in Moville, Inishowen, Letterkenny and throughout County Donegal.""","""Do you charge additional for travel to County Donegal?""","""No, there is no additional travel cost for weddings in County Donegal""",https://images.mkbweddings.co.uk/full/Harveys%20point/couple%20portraits/mkb-weddings-mkb-photography-donegal-wedding-photography-harveys-point-hotel-donegal-wedding-photography-664_2000.webp
co-meath,Ireland,ROI,County Meath,"""Wedding Photographer County Meath""","""Slane wedding photographer|County Meath  wedding photographer""","""Wedding Photographer County Meath | Natural Documentary Style | MKB Weddings""","""Looking for a wedding photographer in County Meath? Natural, documentary wedding photography across Slane and beyond.""","""County Meath offers peace and tranquility in the stunning countryside with stunning venues across the region. I photograph weddings here in a relaxed, documentary style, capturing real emotion rather than stiff awkard posing!""","""Many couples choose County Meath for its stunning countryside. My approach adapts naturally to both outdoor ceremonies and hotel celebrations.""","""I regularly travel across Slane and surrounding areas. Travel is included for all County Meath weddings.""","""Do you travel across County Meath?""","""Yes, I regularly photograph weddings in Slane and throughout County Meath.""","""Do you charge additional for travel to County Meath?""","""No, there is no additional travel cost for weddings in County Donegal""",https://images.mkbweddings.co.uk/full/Millhouse%20Slane/getting%20ready/MKB-photography-Northern-Ireland-wedding-photographer-Slane-Wedding-photography-Millhouse-Slane-wedding-photography-26_2000.webp
co-londonderry,Northern Ireland,GB,County Londonderry,"""Wedding Photographer County Londonderry""","""Derry-Londonderry wedding photographer|Belaghy wedding photographer |Limavady wedding photographer""","""Wedding Photographer County Londonderry | Natural Documentary Style | MKB Weddings""","""Looking for a wedding photographer in County Londonderry? Natural, documentary wedding photography across Derry-Londonderry, Limavady, Belaghy and beyond.""","""County Londonderry offers everything from historic venues to modern boutique hotels and even venues featured in Game of Thrones! I photograph weddings here in a relaxed, documentary style, capturing real emotion rather than stiff awkard posing!""","""Many couples choose County Londonderry for its amazing selection of modern spa hotels, historic family homes and stunnng outdoor locations. My approach adapts naturally to both outdoor ceremonies and hotel celebrations.""","""I regularly travel across Derry-Londonderry, Limavady,  Belaghy and surrounding areas. Travel is included for all County Londonderry weddings.""","""Do you travel across County Londonderry?""","""Yes, I regularly photograph weddings in Limavady, Derry-Londonderry, Belaghy and throughout County Londonderry.""","""Do you charge additional for travel to County Londonderry?""","""No, there is no additional travel cost for weddings in County Donegal""",https://images.mkbweddings.co.uk/full/Ballyscullion%20park/couple%20portraits/mkb-weddings-irish-wedding-photographer-ballyscullion-park-bellaghy-photography-152_2000.webp
co-monaghan,Ireland,ROI,County Monaghan,"""Wedding Photographer County Monaghan""","""Monaghan wedding photographer|Glaslough wedding photographer""","""Wedding Photographer County Monaghan | Natural Documentary Style | MKB Weddings""","""Looking for a wedding photographer in County Monaghan? Natural, documentary wedding photography across Monaghan, Glaslough and beyond.""","""County Monaghan offers an amazing choice of modern hotels and historic castle venues. I photograph weddings here in a relaxed, documentary style, capturing real emotion rather than stiff awkard posing!""","""Many couples choose County Monaghan for its amazing selection of modern hotels and historic castle venues. My approach adapts naturally to both outdoor ceremonies and hotel celebrations.""","""I regularly travel across Monaghan, Glaslough and surrounding areas. Travel is included for all County Monaghan weddings.""","""Do you travel across County Monaghan?""","""Yes, I regularly photograph weddings in Monaghan, Glaslough and throughout County Monaghan.""","""Do you charge additional for travel to County Monaghan?""","""No, there is no additional travel cost for weddings in County Donegal""",https://images.mkbweddings.co.uk/full/Hillgrove%20Hotel/couple%20portraits/mkb-weddings-mkb-photography-irish-wedding-photographer-hillgrove-hotel-monaghan-wedding-photography-107_2000.webp