venue,Venue-location,Venue-name,venue-website,Venue-description
Lusty beg island,"""Lough Erne, Co. Fermanagh""",Lusty Beg Island Resort and Spa,https://www.lustybegisland.com,
Edenmore,"""Moira, Co. Down""",Edenmore House,https://edenmore.com,
Scarbo golf course,"""Newtownards, Co. Down""",Scrabo Golf Club,https://www.scrabogolfclubni.com,
Ballyscullion park,"""Belaghy, Co. Londonderry""",Ballyscullion Park,https://www.ballyscullionpark.com,"Ballyscullion Park has a quiet confidence about it that makes wedding days feel easy and unforced. From a Northern Ireland wedding photographer’s point of view, it’s the kind of venue where everything flows naturally, without needing to be overly managed or staged. The house and grounds feel elegant but welcoming, which helps people relax and be themselves from the morning right through to the evening. Ballyscullion Park really excels with the outdoor locations for capturing stunning portraits, the walled garden is a real highlight, offering structure, texture and shelter, ideal for intimate portraits and relaxed group shots. Just beyond that, the surrounding woods add a slightly wild, cinematic feel. They’re especially beautiful in softer light and were even used as a filming location for Game of Thrones, which gives the setting a subtle sense of drama without feeling over the top.  Located just outside Belaghy, Ballyscullion Park offers a setting where the day feels connected rather than broken into parts. From a photography perspective, it’s a venue that supports real moments, gentle transitions and a relaxed pace, letting the story of the day unfold naturally."
Old Rectory,"""Killyman, Co. Tyrone""",Old Rectory,https://www.oldrectorykillyman.co.uk,
Bellingham Castle,"""Castlebellingham, Co. Louth""",Bellingham Castle,https://www.bellinghamcastle.ie,
Castle Leslie,"""Glaslough, Co. Monaghan""",Castle Leslie Estate,https://www.castleleslie.com,
Cavan Crystal,"""Co. Cavan""",Cavan Crystal Hotel,https://www.cavancrystalhotel.com,
Four Seasons monaghan,"""Monaghan""",Four Seasons Hotel,https://www.4seasonshotel.ie,
Galgorm,"""Ballymena, Co. Antrim""",Galgorm Resort,https://www.galgorm.com,
Corick house,"""Co. Tyrone""",Corick House Hotel,https://www.corickcountryhouse.com,
Kilmore house,"""Glenariff,  Co. Antrim""",Kilmore Country House,https://kilmorecountryhouse.com,
Field of dreams,"""Bangor, Co. Down""",Field of dreams,https://www.fieldofdreamsni.com,
Larchfields,"""Lisburn, Co. Antrim""",Larchfieldf Estate,https://larchfieldestate.co.uk,
Whistledown Hotel,"""Warrenpoint, Co. Down""",The Whistledown Hotel,https://www.thewhistledownhotel.com,
Dunadry,"""Antrim, Co. Antrim""",Dunadry Hotel,https://www.dunadry.com,
Shandon Hotel,"""Dunfanaghy, Co. Donegal""",Shandon Hotel and spa,https://shandonhotelspa.com,
Rocky mountain cottage,"""Newry, Co. Down""",Rocky Mountain Cottage,https://www.rockymountaincottage.co.uk,
Crover House,"""Co. Cavan""",Crover House,https://www.croverhouse.ie,
Hillgrove Hotel,"""Co. Monaghan""",Hillgrove Hotel,https://www.hillgrovehotel.com,
Greenvale Hotel,"""Cookstown, Co. Tyrone""",Greenvale Hotel,https://www.greenvalehotel.co.uk,
Killeavy castle,"""Newry, Co. Down""",Killeavy Castle Estate,https://www.killeavycastle.com,"Killeavy Castle Estate has a private, peaceful feel that really shapes how a wedding day unfolds. From a Northern Ireland wedding photographer’s perspective, it’s a venue where the pace naturally slows, allowing moments to happen without being rushed or overly directed. The mix of historic character and modern spaces gives the day a lovely balance, with everything flowing easily from one part to the next.  The castle itself provides a wonderful and historic setting for dramatic wedding photography, with Large windows, spiral staircases and hidden private spaces. Outside, the surrounding landscape opens up beautifully, with rolling views and gentle textures that work in all seasons. It’s ideal for natural portraits that feel connected to the day rather than staged.  Set just outside Newry, Killeavy Castle offers a sense of escape without feeling remote. From a photography point of view, Killeavy Castle supports a relaxed, story-led approach, where atmosphere, movement and real connection take centre stage."
Manor House,"""Lough Erne, Co. Fermanagh""",Manor House Country Hotel,https://www.manorhousecountryhotel.com,
Belmont,"""Banbridge, Co. Down""",Belmont House Hotel,https://www.belmontbanbridge.co.uk,"The Belmont House Hotel in Banbridge has a calm, welcoming family style atmosphere that really helps wedding days feel settled and unhurried.  It’s a venue where things tend to flow naturally, without needing much intervention. The spaces are well connected, so guests move easily through the day, which keeps the energy relaxed and sociable from start to finish.  Light is reliable and flexible here, which makes a big difference when documenting moments as they happen. Indoors, the rooms are bright and evenly lit, ideal for preparations, ceremonies and speeches without constantly chasing the best corner of the room. It allows photographs to feel natural and true to the moment rather than overly styled. Outside, there are simple, tidy surroundings that work well for portraits, especially when time is limited and the priority is staying close to the celebration.  Located in Banbridge, Belmont Hotel suits couples who want a wedding day that feels straightforward and comfortable. From a photography point of view, Belmont Hotel supports genuine interactions and an easy pace, letting the focus stay on people, connection and the story of the day as it unfolds."
Millbrook lodge,"""Ballynahinch, Co. Down""",Millbrook Lodge,https://www.millbrooklodge.co.uk,
Slieve Russell,"""Ballyconnell, Co. Cavan""",Slieve Russell Hotel,https://www.slieverussell.ie,
Ten Square,"""Belfast""",Ten Square Hotel,https://www.tensquare.co.uk,
Rabbit hotel and spa,"""Templepatrick, Co. Antrim""",The Rabbit Hotel,https://www.rabbithotel.com,"The Rabbit Hotel & Retreat has a relaxed, contemporary feel that immediately sets the tone for an easy, enjoyable wedding day. From a Northern Ireland wedding photographer’s perspective, it’s a venue that encourages people to slow down, settle in and genuinely enjoy the experience, without anything feeling rushed or overly formal. The outdoor spaces, including the stunning outdoor spa really come into their own for photography. The gardens and surrounding countryside offer a soft, natural backdrop that works beautifully for relaxed portraits and unforced group shots.  Indoors, the modern design, warm textures and natural light create clean, timeless settings that photograph effortlessly in all conditions.  Located just outside Belfast, The Rabbit Hotel & Retreat offers a wedding day that feels connected and unhurried. From morning preparations through to evening celebrations, everything happens within a close, cohesive setting. From a photography point of view, it’s a venue that supports real moments, gentle transitions and a laid-back pace, allowing the story of the day to unfold naturally and honestly."
Tree House,"""Belfast""",The Tree House,https://ampmbelfast.co.uk/the-treehouse-belfast/,
Orange tree house,"""Greyabbey, Co. Down""",Orange Tree House,https://orangetreehouse.com,"Orange Tree House has an intimate family vibe that really sets the tone for a wedding day. From a Northern Ireland wedding photographer’s perspective, it’s the kind of place where everything just works. The management at Orange Tree House are amazing at keeping the day flow smoothly all day, keeping things moving and ensuring the guests are looked after. The layout of Orange Tree House allows for great indoor and outdoor space, ideal for quiet moments and natural, unposed photographs. Inside, the venue features a rustic barn room which is ideal for the ceremony and reception.  On the outside, the venue features one of the best views in Northern Ireland,  being set on the banks of Strangford Lough which really adds something special. As the evening draws in, the sunsets are incredible, casting warm, gentle light that’s perfect for portraits without pulling couples away from the celebration for long. Located in Greyabbey, Orange Tree House suits couples who want something elegant but laid-back. From morning preparations through to golden hour by the water, Orange Tree House quietly supports the story of the day, letting real moments take centre stage."
Brookhall cottages,"""Lisburn, Co. Down""",Brookhall Cottages,https://brookhall.com,
Harveys point,"""Lough Eske, Donegal""",Harveys Point,https://www.harveyspoint.com,
Ghan House,"""Carlingford, Co. Louth""",Ghan House,https://ghanhouse.com,
Ivory Pavillion,"""Galgorm, Co. Antrim""",The Ivory Pavillion,,
Millhouse Slane,"""Slane, Co. Meath""",The Millhouse,https://www.themillhouse.ie,
Ballysmascanlon,"""Dundalk, Co. Louth""",Ballymascanlon Hotel,https://www.ballymascanlon.com,
Leighinmohr house hotel,"""Ballymena, Co. Antrim""",Leighinmohr House Hotel,https://leighinmohrhotel.com,"Leighinmohr House Hotel has a calm, understated charm that makes wedding days feel relaxed and effortless. From a Northern Ireland wedding photographer’s perspective, it’s the kind of venue where the day naturally falls into place, without the need for heavy direction or staging. The hotel blends classic elegance with a warm, welcoming atmosphere, helping couples and guests feel at ease from the early morning preparations through to the evening celebrations.  The gardens and surrounding grounds offer a variety of beautifully contained spaces for portraits, allowing photography to flow smoothly without ever pulling you too far from the heart of the day. Mature trees, soft greenery and thoughtfully kept outdoor areas provide a mix of structure and openness, perfect for both intimate couple portraits and relaxed group shots. Inside, the character of the house adds depth and atmosphere, creating timeless backdrops that suit every stage of the celebration. Set just moments from Ballymena town centre, Leighinmohr House Hotel offers a real sense of continuity to a wedding day. Everything happens within easy reach, which keeps the pace unhurried and the experience connected."
Tullyglass hotel,"""Ballymena, Co. Antrim""",Tullyglass Hotel,https://tullyglass.com,"Tullyglass Hotel has a welcoming, easygoing atmosphere that helps wedding days feel relaxed and well organised from the outset. From a Northern Ireland wedding photographer’s perspective, it’s a venue where everything runs smoothly without feeling rigid, allowing couples and guests to settle into the day and enjoy it as it unfolds. The layout works well for keeping the flow of the day connected, with minimal downtime and plenty of natural movement between spaces.  The light here is practical and consistent, which makes a real difference when photographing moments as they happen. Indoors, the rooms are bright and balanced, ideal for preparations, the ceremony and speeches without needing to interrupt or restage anything. Outside, the grounds provide a simple, green backdrop that suits natural portraits, especially when time is limited and the focus is on staying close to the celebration rather than disappearing for long periods. Located in Ballymena, Tullyglass Hotel is well suited to couples who want a sociable, relaxed wedding day. From a photography point of view, Tullyglass Hotel allows the emphasis to stay on real moments, interactions and the overall feel of the day, rather than the setting demanding attention."
Clandeboye lodge,"""Bangor, Co. Down""",Clandeboye Lodge Hotel,https://www.clandeboyelodge.com,
Ulster museum,"""Belfast""",Ulster Museum,https://www.ulstermuseum.org,
Belfast Castle,"""Belfast""",Belfast Castle,https://www.belfastcity.gov.uk/belfastcastle/home,
Glenavon,"""Cookstown, Co. Tyrone""",Glenavon House Hotel,https://glenavonhotel.com,
Wool tower,"""Ballymena, Co. Antrim""",The Wool Tower,https://wooltower.com,"The Wool Tower has a relaxed, industrial style, character-filled atmosphere that lends itself really well to weddings that feel personal and unforced. From a Northern Ireland wedding photographer’s point of view, it’s a venue where the day flows naturally, without big jumps or interruptions. Everything feels close enough to stay connected, which helps moments unfold as they happen rather than being overly managed. The building’s texture and history add a lot visually, but it’s the way the light moves through the space that really stands out. Large windows and open interiors give plenty of natural light to work with, changing gently throughout the day and adding depth without distraction. It’s ideal for candid moments, especially when people forget the camera is there. Outside, the surrounding grounds offer a quiet contrast to the warmth of the interior, giving just enough variety for portraits without needing to step too far away from the celebration.  Set in Broughshane, The Wool Tower suits couples who want something a little different but still grounded. From a photography perspective, The Wool Tower supports real connection, easy movement and a calm pace, allowing the story of the day to come together naturally."
Beech hill,"""Derry-Londonderry""",Beech Hill Country House,https://beech-hill.com,
Slieve donard hotel,"""Newcastle, Co. Down""",Slieve Donard Hotel,https://marineandlawn.com/slievedonard,"Slieve Donard Hotel is an iconic hotel in Northern Ireland, set along the coast in Newcastle, alongside the Mourne Mountains.  It’s a venue where the surrounding landscape or rolling mountains and the Irish Sea does a lot of the work, allowing the day to unfold without feeling overly directed. The layout  inside the hotel makes it easy for guests to move naturally between moments, which helps keep the energy relaxed and sociable throughout.  One of the standout features is the light. Large windows bring the outside in, changing gently as the day goes on and adding variety without ever feeling distracting. Morning preparations benefit from bright, open rooms, while later in the day the light becomes softer and more directional, ideal for capturing quieter moments and natural portraits. Step outside and you’re immediately met with space, sea air and dramatic surroundings that give photographs a real sense of place.  Set in Newcastle, Slieve Donard Hotel offers views across the beach and towards the Mourne Mountains, which adds a timeless backdrop without pulling focus from the people in front of the camera. Slieve Donard Hotel suits couples who want a day that feels classic but unforced, where the setting supports the story rather than competing with it."
Ross Park,"""Ballymena, Co. Antrim""",Ross Park Hotel,https://rosspark.com,
Ballyliffen,"""Ballymena, Co. Antrim""",Ballyliffen Lodge,https://www.ballyliffinlodge.com,
Lough Erne resort,"""Lough Erne, Co. Fermanagh""",Lough Erne Resort,https://www.lougherneresort.com,
Roe valley resort,"""Limavady, Co. Londonderry""",Roe Valley Resort,https://www.roevalleyresort.com,
Darver castle,"""Readypenny, Co. Louth""",Darver Castle,https://darvercastle.ie,
Hillsborough Castle,"""Hillsborough, Co. Down""",Hillsborough Castle,https://www.hrp.org.uk/hillsborough-castle/,
Redcastle hotel,"""Moville, Co. Donegal""",Redcastle Hotel,https://www.redcastlehoteldonegal.com,
Rossharbour resort,"""Lough Erne, Co. Fermanagh""",Rossharbour Resort,https://rossharbour.co.uk,
Stormont,"""Belfast""",Stormont Hotel,https://www.stormonthotelbelfast.com,
La mon hotel,"""Comber, Co. Down""",La Mon Hotel,https://www.lamon.co.uk,
Merchant,"""Belfast""",The Merchant Hotel,https://www.themerchanthotel.com,"The Merchant Hotel has a sense of drama and elegance that’s immediately felt on a wedding day, without tipping into anything over the top. This is a venue where atmosphere leads the way, allowing moments to unfold naturally while still feeling elevated. The layout works surprisingly well for the flow of the day, keeping everything connected and guests engaged rather than drifting between spaces.  Light behaves beautifully throughout the building. Indoors, it’s shaped by high ceilings, large windows and rich textures, which gives photographs depth and character without feeling heavy. It’s especially good for candid moments, where expressions and interactions take centre stage. Step outside and the surrounding streets add a more urban contrast, perfect for portraits that feel relaxed but distinctive, without needing to travel far or break the rhythm of the day.  Located in Belfast, The Merchant Hotel suits couples who want a wedding that feels stylish but grounded. From preparations through to the evening celebrations, The Merchant Hotel supports a story-led approach to photography, where the setting enhances the day rather than competing with it."